,batch_year,OfficerId,EMPLOYEE_CODE,Service_Code,NAME,DOMICILE_STATE,CadreStateCode,Gender_name,CategoryDesc,SSDesc,HandicapStatus,recruitment_types,AADHAR_NUMBER,DATE_OF_BIRTH,DATE_OF_JOINING,Languages_names,mother_tongue_languages_name,DEGREE,DIVISION,SUBJECT1,SUBJECT2,SUBJEC3,INSTITUTION,UNIVERSITY,PASSINGYEAR,CGPA,PERCENTAGE,PostingLocation_Centre_Cadre,PostingType,PostingLevel,Designation,Department,Ministry,Office,Location,Remarks,MajorExperienceDescription,MinorExperienceDescription,tenure_type_types,debartment_type_value
0,1930,420,10932,IAS,Dr. Sundaradeva,Sikkim,SK,Male,O.B.C.,Serving,N.A.,Not Available,0,1952-09-02 00:00:00,1979-07-11 00:00:00,Hindi,Hausa,Ph. D.,Ordinary ,AppliedBotany,,,N.A.,N.A.,0,0.0,0.0,Both,Cadre_(Deputation_under_Rule_6(2)(ii),Director General Police,Assistant Collector,N.A.,N.A.,N.A.,N.A.,,Land Revenue Mgmt & District Admn,Land Revenue Mgmt & District Admn,,N.A.
1,1900,33071,27888,IAS,Shri Abha Gupta ,,TR,Male,N.A.,N.A.,N.A.,Direct Recruitment,0,0000-00-00 00:00:00,0000-00-00 00:00:00,,,N.A.,N.A.,,,,N.A.,N.A.,0,0.0,0.0,Both,N.A.,,N.A.,N.A.,N.A.,N.A.,N.A.,,N.A.,N.A.,,N.A.
2,1969,5404,3511,IAS,Ms. Adarsh Mishra,N.A.,DD,Male,O.B.C.,Serving,N.A.,Not Available,,0000-00-00 00:00:00,0000-00-00 00:00:00,Hindi,Urdu,Diploma,First ,DesignofMechEquipments,,,N.A.,N.A.,0,0.0,0.0,Both,N.A.,,N.A.,N.A.,N.A.,N.A.,N.A.,,N.A.,N.A.,Terms,N.A.
3,1930,13701,10649,IAS,Ms. Aditi Mehta,Uttarakhand,PB,Male,O.B.C.,Serving,N.A.,Not Available,0,0000-00-00 00:00:00,0000-00-00 00:00:00,Hindi,Bengali,M.A.,Third,EconomicDev.,,,N.A.,N.A.,0,0.0,0.0,Both,N.A.,,N.A.,N.A.,N.A.,N.A.,N.A.,,N.A.,N.A.,,N.A.
4,1900,37351,28410,IAS,Shri Anenla T. Sato ,,MT,Male,S.C.,N.A.,N.A.,Direct Recruitment,0,0000-00-00 00:00:00,0000-00-00 00:00:00,,,N.A.,N.A.,,,,N.A.,N.A.,0,0.0,0.0,Both,N.A.,,N.A.,N.A.,N.A.,N.A.,N.A.,,N.A.,N.A.,,N.A.
5,1900,37330,28475,IAS,Shri Anita Verma Singh ,,TR,Male,N.A.,N.A.,N.A.,Direct Recruitment,0,0000-00-00 00:00:00,0000-00-00 00:00:00,,,N.A.,N.A.,,,,N.A.,N.A.,0,0.0,0.0,Both,N.A.,,N.A.,N.A.,N.A.,N.A.,N.A.,,N.A.,N.A.,,N.A.
6,1934,14425,11192,IAS,Ms. Anjali Prasad,Tripura,UP,Male,O.B.C.,Serving,N.A.,Not Available,0,0000-00-00 00:00:00,0000-00-00 00:00:00,Hindi,Lepcha,Graduate,First ,EconomicDev.,,,N.A.,U/Delhi ,0,0.0,0.0,Both,N.A.,,N.A.,N.A.,N.A.,N.A.,N.A.,,N.A.,N.A.,Reverted after extension,N.A.
7,1900,37365,28446,IAS,Shri Anju Chaudhry ,,GJ,Male,O.B.C.,N.A.,N.A.,Direct Recruitment,0,0000-00-00 00:00:00,0000-00-00 00:00:00,,,N.A.,N.A.,,,,N.A.,N.A.,0,0.0,0.0,Both,N.A.,,N.A.,N.A.,N.A.,N.A.,N.A.,,N.A.,N.A.,,N.A.
8,1932,14261,10467,IAS,Ms. Anjuly Chib Duggal,Andaman & Nicobar,OD,Male,O.B.C.,Serving,N.A.,Not Available,0,0000-00-00 00:00:00,0000-00-00 00:00:00,Hindi,Lepcha,P.G.,First ,Psychology,,,N.A.,N.A.,0,0.0,0.0,Both,N.A.,,N.A.,N.A.,N.A.,N.A.,N.A.,,N.A.,N.A.,Tenure not applicable,N.A.
9,1932,14272,8627,IAS,Ms. Anuradha Gupta,Gujarat,GJ,Male,O.B.C.,Superannuated,N.A.,Not Available,0,0000-00-00 00:00:00,0000-00-00 00:00:00,Hindi,Lepcha,Graduate,First ,Psychology,Sanskrit,Engineeriing,N.A.,N.A.,0,0.0,0.0,Both,N.A.,,N.A.,N.A.,N.A.,N.A.,N.A.,,N.A.,N.A.,Foreign assignment,N.A.
10,1933,14361,9806,IAS,Dr. Aruna Sharma,Madhya Pradesh,KL,Male,O.B.C.,Serving,N.A.,Not Available,0,0000-00-00 00:00:00,0000-00-00 00:00:00,Hindi,Punjabi,P.G.,First with Distinction,DevMgt,,,N.A.,N.A.,0,0.0,0.0,Both,N.A.,,N.A.,N.A.,N.A.,N.A.,N.A.,,N.A.,N.A.,Foreign assignment,N.A.
11,1900,37039,28321,IAS,Shri Atika Sultana ,,AP,Male,O.B.C.,N.A.,N.A.,Direct Recruitment,0,0000-00-00 00:00:00,0000-00-00 00:00:00,,,N.A.,N.A.,,,,N.A.,N.A.,0,0.0,0.0,Both,N.A.,,N.A.,N.A.,N.A.,N.A.,N.A.,,N.A.,N.A.,,N.A.
12,1983,74,2815,IAS,Shri B Lal Shishoo,Punjab,PB,Male,O.B.C.,Serving,N.A.,Direct Recruitment,,1938-08-01 00:00:00,1992-05-13 00:00:00,Hindi,Lepcha,N.A.,N.A.,,,,N.A.,N.A.,0,0.0,0.0,Both,Cadre_(Deputation_under_Rule_6(2)(ii),Cabinet Secretary,Deputy Secretary,N.A.,N.A.,N.A.,N.A.,,Enquiries,Enquiries,N.A.,N.A.
13,1900,37089,28331,IAS,Shri B. Lavanya Veni ,,UT,Male,O.B.C.,N.A.,N.A.,Direct Recruitment,0,0000-00-00 00:00:00,0000-00-00 00:00:00,,,N.A.,N.A.,,,,N.A.,N.A.,0,0.0,0.0,Both,N.A.,,N.A.,N.A.,N.A.,N.A.,N.A.,,N.A.,N.A.,,N.A.
14,1983,73,2814,IAS,Shri Choto Lal Jain,Punjab,PB,Male,O.B.C.,Serving,N.A.,Direct Recruitment,,1938-04-10 00:00:00,1992-05-13 00:00:00,Hindi,Lepcha,N.A.,N.A.,,,,N.A.,N.A.,0,0.0,0.0,Both,Cadre_(Deputation_under_Rule_6(2)(ii),Director General Police,N.A.,N.A.,N.A.,N.A.,N.A.,,N.Applicable/N.Available,N.Applicable/N.Available,N.A.,N.A.
15,1900,31853,27243,IAS,Shri Damyanti Dohre ,,TR,Male,O.B.C.,N.A.,N.A.,Direct Recruitment,0,0000-00-00 00:00:00,0000-00-00 00:00:00,,,N.A.,N.A.,,,,N.A.,N.A.,0,0.0,0.0,Both,N.A.,,N.A.,N.A.,N.A.,N.A.,N.A.,,N.A.,N.A.,,N.A.
16,1900,158,24881,IAS,Shri Dhuda Ram Meena,Punjab,PB,Male,S.T.,Serving,N.A.,Direct Recruitment,,1954-04-10 00:00:00,0000-00-00 00:00:00,,,N.A.,N.A.,,,,N.A.,N.A.,0,0.0,0.0,Both,Cadre_(Deputation_under_Rule_6(2)(ii),Director General Police,N.A.,N.A.,N.A.,N.A.,N.A.,,N.Applicable/N.Available,N.Applicable/N.Available,,N.A.
17,1900,14036,26208,IAS,Ms. Dorjee Eden Gyamtso ,,UD,Male,S.C.,N.A.,N.A.,Direct Recruitment,0,0000-00-00 00:00:00,0000-00-00 00:00:00,,,N.A.,N.A.,,,,N.A.,N.A.,0,0.0,0.0,Both,N.A.,,N.A.,N.A.,N.A.,N.A.,N.A.,,N.A.,N.A.,,N.A.
18,1900,31838,27227,IAS,Shri Dr. Alka Tanda ,,TR,Male,O.B.C.,N.A.,N.A.,Direct Recruitment,0,0000-00-00 00:00:00,0000-00-00 00:00:00,,,N.A.,N.A.,,,,N.A.,N.A.,0,0.0,0.0,Both,N.A.,,N.A.,N.A.,N.A.,N.A.,N.A.,,N.A.,N.A.,,N.A.
19,1900,26672,27203,IAS,Shri Durga Joshi ,,PB,Male,O.B.C.,N.A.,N.A.,Direct Recruitment,0,0000-00-00 00:00:00,0000-00-00 00:00:00,,,N.A.,N.A.,,,,N.A.,N.A.,0,0.0,0.0,Both,N.A.,,N.A.,N.A.,N.A.,N.A.,N.A.,,N.A.,N.A.,,N.A.
20,1900,37092,28306,IAS,Shri Esha Sengupta ,,UD,Male,O.B.C.,N.A.,N.A.,Direct Recruitment,0,0000-00-00 00:00:00,0000-00-00 00:00:00,,,N.A.,N.A.,,,,N.A.,N.A.,0,0.0,0.0,Both,N.A.,,N.A.,N.A.,N.A.,N.A.,N.A.,,N.A.,N.A.,,N.A.
21,1933,14352,9234,IAS,Ms. G Latha Krishna Rao,A G M U T,JH,Male,O.B.C.,Serving,N.A.,Not Available,EF774AE81724D5F54A30CEA429B47EBA,0000-00-00 00:00:00,0000-00-00 00:00:00,Hindi,Italian,P.G.,First ,English,,,N.A.,N.A.,0,0.0,0.0,Both,N.A.,,N.A.,N.A.,N.A.,N.A.,N.A.,,N.A.,N.A.,Foreign assignment,N.A.
22,1900,35474,28132,IAS,Shri Gangu Bai Ramesh Mankar ,,JH,Male,N.A.,N.A.,N.A.,Direct Recruitment,0,0000-00-00 00:00:00,0000-00-00 00:00:00,,,N.A.,N.A.,,,,N.A.,N.A.,0,0.0,0.0,Both,N.A.,,N.A.,N.A.,N.A.,N.A.,N.A.,,N.A.,N.A.,,N.A.
23,1932,14265,10671,IAS,Ms. Gurjot Kaur,Odisha,PB,Male,O.B.C.,Serving,N.A.,Not Available,0,0000-00-00 00:00:00,0000-00-00 00:00:00,Hindi,Urdu,P.G.,First ,Histology,,,N.A.,N.A.,0,0.0,0.0,Both,N.A.,,N.A.,N.A.,N.A.,N.A.,N.A.,,N.A.,N.A.,,N.A.
24,1983,75,2816,IAS,Shri Harish N Sharma,Punjab,PB,Male,O.B.C.,Serving,N.A.,Direct Recruitment,,1938-08-09 00:00:00,1992-05-13 00:00:00,Hindi,Lepcha,N.A.,N.A.,,,,N.A.,N.A.,0,0.0,0.0,Both,Cadre_(Deputation_under_Rule_6(2)(ii),Cabinet Secretary,Collector & D M,N.A.,N.A.,N.A.,Rajsamand,,Land Revenue Mgmt & District Admn,Land Revenue Mgmt & District Admn,N.A.,N.A.
25,1900,37362,28443,IAS,Shri Hema Sharma ,,GJ,Male,O.B.C.,N.A.,N.A.,Direct Recruitment,0,0000-00-00 00:00:00,0000-00-00 00:00:00,,,N.A.,N.A.,,,,N.A.,N.A.,0,0.0,0.0,Both,N.A.,,N.A.,N.A.,N.A.,N.A.,N.A.,,N.A.,N.A.,,N.A.
26,1900,35497,28184,IAS,Shri Honmillee Teronpi ,,AP,Male,O.B.C.,N.A.,N.A.,Direct Recruitment,0,0000-00-00 00:00:00,0000-00-00 00:00:00,,,N.A.,N.A.,,,,N.A.,N.A.,0,0.0,0.0,Both,N.A.,,N.A.,N.A.,N.A.,N.A.,N.A.,,N.A.,N.A.,,N.A.
27,1979,409,3010,IAS,Ms. J BALACHANDER ,Sikkim,SK,Male,O.B.C.,Retired compulsorily,N.A.,Not Available,,1957-04-06 00:00:00,1979-07-01 00:00:00,Hindi,Hausa,Diploma,Ordinary ,Development,,,N.A.,N.A.,0,0.0,0.0,Both,Cadre(Domestic_Trainings),,N.A.,N.A.,N.A.,N.A.,N.A.,,N.Applicable/N.Available,N.Applicable/N.Available,,N.A.
28,1900,31854,27244,IAS,Shri Jai Prakash Sager ,,TR,Male,O.B.C.,N.A.,N.A.,Direct Recruitment,0,0000-00-00 00:00:00,0000-00-00 00:00:00,,,N.A.,N.A.,,,,N.A.,N.A.,0,0.0,0.0,Both,N.A.,,N.A.,N.A.,N.A.,N.A.,N.A.,,N.A.,N.A.,,N.A.
29,1917,13609,2689,IAS,Ms. JUMKI S KUMAR ,Uttarakhand,PB,Male,S.C.,Serving,N.A.,Not Available,0,0000-00-00 00:00:00,0000-00-00 00:00:00,Hindi,English,Graduate,Second ,Engineeriing,Histology,EconomicDev.,N.A.,N.A.,0,0.0,0.0,Both,N.A.,,N.A.,N.A.,N.A.,N.A.,N.A.,,N.A.,N.A.,,N.A.
30,1918,13614,2694,IAS,Ms. K BHATNAGAR ,Punjab,PB,Male,O.B.C.,Serving,N.A.,Not Available,0,0000-00-00 00:00:00,0000-00-00 00:00:00,Hindi,Lepcha,Graduate,Second ,Engineeriing,PoliticalSc.,Histology,N.A.,N.A.,0,0.0,0.0,Both,N.A.,,N.A.,N.A.,N.A.,N.A.,N.A.,,N.A.,N.A.,Terms,N.A.
31,1900,37331,28424,IAS,Shri K Nikhila ,,TN,Male,O.B.C.,N.A.,N.A.,Direct Recruitment,0,0000-00-00 00:00:00,0000-00-00 00:00:00,,,N.A.,N.A.,,,,N.A.,N.A.,0,0.0,0.0,Both,N.A.,,N.A.,N.A.,N.A.,N.A.,N.A.,,N.A.,N.A.,,N.A.
32,1900,35479,28157,IAS,Shri K. Jyothi ,,JH,Male,O.B.C.,N.A.,N.A.,Direct Recruitment,0,0000-00-00 00:00:00,0000-00-00 00:00:00,,,N.A.,N.A.,,,,N.A.,N.A.,0,0.0,0.0,Both,N.A.,,N.A.,N.A.,N.A.,N.A.,N.A.,,N.A.,N.A.,,N.A.
33,1900,35482,28128,IAS,Shri K. Leelavathy ,,JH,Male,O.B.C.,N.A.,N.A.,Direct Recruitment,0,0000-00-00 00:00:00,0000-00-00 00:00:00,,,N.A.,N.A.,,,,N.A.,N.A.,0,0.0,0.0,Both,N.A.,,N.A.,N.A.,N.A.,N.A.,N.A.,,N.A.,N.A.,,N.A.
34,1900,37338,28418,IAS,Shri K. Swarnalatha ,,TN,Male,O.B.C.,N.A.,N.A.,Direct Recruitment,0,0000-00-00 00:00:00,0000-00-00 00:00:00,,,N.A.,N.A.,,,,N.A.,N.A.,0,0.0,0.0,Both,N.A.,,N.A.,N.A.,N.A.,N.A.,N.A.,,N.A.,N.A.,,N.A.
35,1900,35458,28152,IAS,Shri K.S. Latha Kumari ,,JH,Male,S.C.,N.A.,N.A.,Direct Recruitment,0,0000-00-00 00:00:00,0000-00-00 00:00:00,,,N.A.,N.A.,,,,N.A.,N.A.,0,0.0,0.0,Both,N.A.,,N.A.,N.A.,N.A.,N.A.,N.A.,,N.A.,N.A.,,N.A.
36,1900,31865,27055,IAS,Shri Kanak Tripathi ,,TR,Male,O.B.C.,N.A.,N.A.,Direct Recruitment,0,0000-00-00 00:00:00,0000-00-00 00:00:00,,,N.A.,N.A.,,,,N.A.,N.A.,0,0.0,0.0,Both,N.A.,,N.A.,N.A.,N.A.,N.A.,N.A.,,N.A.,N.A.,,N.A.
37,1935,14577,9825,IAS,Ms. Kancha Jai,Tripura,KL,Male,O.B.C.,Serving,N.A.,Not Available,0,0000-00-00 00:00:00,0000-00-00 00:00:00,Bengali,Lepcha,PG Diploma,Ordinary ,ForensicSc.,,,N.A.,N.A.,0,0.0,0.0,Both,N.A.,,N.A.,N.A.,N.A.,N.A.,N.A.,,N.A.,N.A.,,N.A.
38,1900,35400,28115,IAS,Shri Kasturi Sengupta ,,UD,Male,O.B.C.,N.A.,N.A.,Direct Recruitment,0,0000-00-00 00:00:00,0000-00-00 00:00:00,,,N.A.,N.A.,,,,N.A.,N.A.,0,0.0,0.0,Both,N.A.,,N.A.,N.A.,N.A.,N.A.,N.A.,,N.A.,N.A.,,N.A.
39,1900,35475,28133,IAS,Shri Kavitha S. Mannikeri ,,JH,Male,O.B.C.,N.A.,N.A.,Direct Recruitment,0,0000-00-00 00:00:00,0000-00-00 00:00:00,,,N.A.,N.A.,,,,N.A.,N.A.,0,0.0,0.0,Both,N.A.,,N.A.,N.A.,N.A.,N.A.,N.A.,,N.A.,N.A.,,N.A.
40,1900,13723,26263,IAS,Ms. Krishna Gohai ,,AP,Male,O.B.C.,N.A.,N.A.,Direct Recruitment,0,0000-00-00 00:00:00,0000-00-00 00:00:00,,,N.A.,N.A.,,,,N.A.,N.A.,0,0.0,0.0,Both,N.A.,,N.A.,N.A.,N.A.,N.A.,N.A.,,N.A.,N.A.,,N.A.
41,1966,2941,453,IAS,Ms. KRISHNA SINGH ,Assam Meghalya,AM,Male,O.B.C.,Serving,N.A.,Not Available,,0000-00-00 00:00:00,0000-00-00 00:00:00,Hindi,Lepcha,Graduate,First ,Histology,,,N.A.,N.A.,0,0.0,0.0,Both,N.A.,,N.A.,N.A.,N.A.,N.A.,N.A.,,N.A.,N.A.,Terms,N.A.
42,1900,13991,24780,IAS,Ms. Kumudlata Srivastava ,,TR,Male,O.B.C.,N.A.,N.A.,Direct Recruitment,8233D522AD1A4F5140FD05222B210228,0000-00-00 00:00:00,0000-00-00 00:00:00,,,N.A.,N.A.,,,,N.A.,N.A.,0,0.0,0.0,Both,N.A.,,N.A.,N.A.,N.A.,N.A.,N.A.,,N.A.,N.A.,,N.A.
43,1900,31857,27247,IAS,Ms. Kumudlata Srivastava ,,TR,Male,O.B.C.,N.A.,N.A.,Direct Recruitment,8233D522AD1A4F5140FD05222B210228,0000-00-00 00:00:00,0000-00-00 00:00:00,,,N.A.,N.A.,,,,N.A.,N.A.,0,0.0,0.0,Both,N.A.,,N.A.,N.A.,N.A.,N.A.,N.A.,,N.A.,N.A.,,N.A.
44,1911,13586,2666,IAS,Ms. KUSUM PRASAD ,Daman & Diu,PB,Male,O.B.C.,Serving,N.A.,Not Available,0,0000-00-00 00:00:00,0000-00-00 00:00:00,Hindi,Urdu,Certificate,First ,EconomicsFrom,,,N.A.,N.A.,0,0.0,0.0,Both,N.A.,,N.A.,N.A.,N.A.,N.A.,N.A.,,N.A.,N.A.,,N.A.
45,1933,14369,11742,IAS,Ms. M Sathiyavathy,Sikkim,XX,Male,N.A.,Serving,N.A.,Not Available,0,0000-00-00 00:00:00,0000-00-00 00:00:00,Hindi,Hausa,P.G.,First ,MathematicalStats,,,N.A.,N.A.,0,0.0,0.0,Both,N.A.,,N.A.,N.A.,N.A.,N.A.,N.A.,,N.A.,N.A.,Terms,N.A.
46,1900,37096,28326,IAS,Shri M. Gauthami ,,UT,Male,O.B.C.,N.A.,N.A.,Direct Recruitment,0,0000-00-00 00:00:00,0000-00-00 00:00:00,,,N.A.,N.A.,,,,N.A.,N.A.,0,0.0,0.0,Both,N.A.,,N.A.,N.A.,N.A.,N.A.,N.A.,,N.A.,N.A.,,N.A.
47,1900,37086,28328,IAS,Shri M. Vijaya Suneetha ,,UT,Male,O.B.C.,N.A.,N.A.,Direct Recruitment,0,0000-00-00 00:00:00,0000-00-00 00:00:00,,,N.A.,N.A.,,,,N.A.,N.A.,0,0.0,0.0,Both,N.A.,,N.A.,N.A.,N.A.,N.A.,N.A.,,N.A.,N.A.,,N.A.
48,1900,35463,28146,IAS,Shri M.S. Archana ,,JH,Male,O.B.C.,N.A.,N.A.,Direct Recruitment,0,0000-00-00 00:00:00,0000-00-00 00:00:00,,,N.A.,N.A.,,,,N.A.,N.A.,0,0.0,0.0,Both,N.A.,,N.A.,N.A.,N.A.,N.A.,N.A.,,N.A.,N.A.,,N.A.
49,1900,37075,28342,IAS,Shri Madhu Bala Sharma ,,HY,Male,O.B.C.,N.A.,N.A.,Direct Recruitment,0,0000-00-00 00:00:00,0000-00-00 00:00:00,,,N.A.,N.A.,,,,N.A.,N.A.,0,0.0,0.0,Both,N.A.,,N.A.,N.A.,N.A.,N.A.,N.A.,,N.A.,N.A.,,N.A.
50,1900,26832,27392,IAS,Shri Madhumita Sinha Roy ,,UD,Male,O.B.C.,N.A.,N.A.,Direct Recruitment,0,0000-00-00 00:00:00,0000-00-00 00:00:00,,,N.A.,N.A.,,,,N.A.,N.A.,0,0.0,0.0,Both,N.A.,,N.A.,N.A.,N.A.,N.A.,N.A.,,N.A.,N.A.,,N.A.
51,1900,37037,28298,IAS,Shri Mahua Banerjee ,,UD,Male,O.B.C.,N.A.,N.A.,Direct Recruitment,0,0000-00-00 00:00:00,0000-00-00 00:00:00,,,N.A.,N.A.,,,,N.A.,N.A.,0,0.0,0.0,Both,N.A.,,N.A.,N.A.,N.A.,N.A.,N.A.,,N.A.,N.A.,,N.A.
52,1935,14564,9497,IAS,Ms. Malini V Shankar,Sikkim,MP,Male,O.B.C.,Serving,N.A.,Not Available,0,0000-00-00 00:00:00,0000-00-00 00:00:00,Hindi,Hausa,P.G.,Ordinary ,FoundationEngg,,,N.A.,N.A.,0,0.0,0.0,Both,N.A.,,N.A.,N.A.,N.A.,N.A.,N.A.,,N.A.,N.A.,,N.A.
53,1900,13838,25102,IAS,Ms. Manasee Mohanty ,,NL,Male,O.B.C.,Serving,N.A.,Direct Recruitment,0,0000-00-00 00:00:00,0000-00-00 00:00:00,,,N.A.,N.A.,,,,N.A.,N.A.,0,0.0,0.0,Both,N.A.,,N.A.,N.A.,N.A.,N.A.,N.A.,,N.A.,N.A.,,N.A.
54,1900,37387,28460,IAS,Shri Mandeep Kaur ,,GJ,Male,O.B.C.,N.A.,N.A.,Direct Recruitment,0,0000-00-00 00:00:00,0000-00-00 00:00:00,,,N.A.,N.A.,,,,N.A.,N.A.,0,0.0,0.0,Both,N.A.,,N.A.,N.A.,N.A.,N.A.,N.A.,,N.A.,N.A.,,N.A.
55,1900,35500,28187,IAS,Shri Manjula Saikia Bhuya ,,AP,Male,O.B.C.,N.A.,N.A.,By Selection,0,0000-00-00 00:00:00,0000-00-00 00:00:00,,,N.A.,N.A.,,,,N.A.,N.A.,0,0.0,0.0,Both,N.A.,,N.A.,N.A.,N.A.,N.A.,N.A.,,N.A.,N.A.,,N.A.
56,1983,68,10694,IAS,Shri Manohar Kant Kalohia,Odisha,PB,Male,N.A.,Serving,N.A.,Not Available,,1953-11-25 00:00:00,1983-09-02 00:00:00,Hindi,Urdu,M.B.A.,Ordinary ,Bus.Statistics.,,,N.A.,N.A.,0,0.0,0.0,Both,Cadre_(Deputation_under_Rule_6(2)(ii),,N.A.,N.A.,N.A.,N.A.,N.A.,,N.Applicable/N.Available,N.Applicable/N.Available,N.A.,N.A.
57,1930,13700,10648,IAS,Ms. Meera Mehrishi,Daman & Diu,PB,Male,O.B.C.,Serving,N.A.,Not Available,0,0000-00-00 00:00:00,0000-00-00 00:00:00,Hindi,Lepcha,M.B.A.,Ordinary ,Bus.Statistics.,,,N.A.,N.A.,0,0.0,0.0,Both,N.A.,,N.A.,N.A.,N.A.,N.A.,N.A.,,N.A.,N.A.,,N.A.
58,1900,33055,27897,IAS,Shri Mimum Tayeng ,,XX,Male,O.B.C.,N.A.,N.A.,Direct Recruitment,0,0000-00-00 00:00:00,0000-00-00 00:00:00,,,N.A.,N.A.,,,,N.A.,N.A.,0,0.0,0.0,Both,N.A.,,N.A.,N.A.,N.A.,N.A.,N.A.,,N.A.,N.A.,,N.A.
59,1900,13731,26261,IAS,Ms. Monalisa Goswami ,,AP,Male,O.B.C.,N.A.,N.A.,Direct Recruitment,0,0000-00-00 00:00:00,0000-00-00 00:00:00,,,N.A.,N.A.,,,,N.A.,N.A.,0,0.0,0.0,Both,N.A.,,N.A.,N.A.,N.A.,N.A.,N.A.,,N.A.,N.A.,,N.A.
60,1900,37376,28436,IAS,Shri Monica Malik ,,GJ,Male,O.B.C.,N.A.,N.A.,Direct Recruitment,0,0000-00-00 00:00:00,0000-00-00 00:00:00,,,N.A.,N.A.,,,,N.A.,N.A.,0,0.0,0.0,Both,N.A.,,N.A.,N.A.,N.A.,N.A.,N.A.,,N.A.,N.A.,,N.A.
61,1900,13727,26267,IAS,Ms. Monimala Phukan Barthakur ,,AP,Male,O.B.C.,N.A.,N.A.,Direct Recruitment,0,0000-00-00 00:00:00,0000-00-00 00:00:00,,,N.A.,N.A.,,,,N.A.,N.A.,0,0.0,0.0,Both,N.A.,,N.A.,N.A.,N.A.,N.A.,N.A.,,N.A.,N.A.,,N.A.
62,1900,35505,28160,IAS,Shri Mousumi Chattaraj Chaudhuri ,,UD,Male,O.B.C.,N.A.,N.A.,By Selection,0,0000-00-00 00:00:00,0000-00-00 00:00:00,,,N.A.,N.A.,,,,N.A.,N.A.,0,0.0,0.0,Both,N.A.,,N.A.,N.A.,N.A.,N.A.,N.A.,,N.A.,N.A.,,N.A.
63,1908,13573,2653,IAS,Ms. OTIMA BORDIA ,Tripura,PB,Male,O.B.C.,Superannuated,N.A.,Not Available,0,0000-00-00 00:00:00,0000-00-00 00:00:00,Hindi,Bengali,Graduate,First ,English,PoliticalSc.,Geodesy,N.A.,N.A.,0,0.0,0.0,Both,N.A.,,N.A.,N.A.,N.A.,N.A.,N.A.,,N.A.,N.A.,,N.A.
64,1900,37085,28327,IAS,Shri P. Prasanthi ,,UT,Male,O.B.C.,N.A.,N.A.,Direct Recruitment,0,0000-00-00 00:00:00,0000-00-00 00:00:00,,,N.A.,N.A.,,,,N.A.,N.A.,0,0.0,0.0,Both,N.A.,,N.A.,N.A.,N.A.,N.A.,N.A.,,N.A.,N.A.,,N.A.
65,1900,13780,24986,IAS,Ms. Paramjit Kaur ,,JK,Male,O.B.C.,Serving,N.A.,Direct Recruitment,0,0000-00-00 00:00:00,0000-00-00 00:00:00,,,N.A.,N.A.,,,,N.A.,N.A.,0,0.0,0.0,Both,N.A.,,N.A.,N.A.,N.A.,N.A.,N.A.,,N.A.,N.A.,,N.A.
66,1900,37345,28384,IAS,Shri Poonamdeep Kaur ,,OD,Male,O.B.C.,N.A.,N.A.,Direct Recruitment,0,0000-00-00 00:00:00,0000-00-00 00:00:00,,,N.A.,N.A.,,,,N.A.,N.A.,0,0.0,0.0,Both,N.A.,,N.A.,N.A.,N.A.,N.A.,N.A.,,N.A.,N.A.,,N.A.
67,1900,37388,28461,IAS,Shri Pratima Chaudhary ,,GJ,Male,O.B.C.,N.A.,N.A.,Direct Recruitment,0,0000-00-00 00:00:00,0000-00-00 00:00:00,,,N.A.,N.A.,,,,N.A.,N.A.,0,0.0,0.0,Both,N.A.,,N.A.,N.A.,N.A.,N.A.,N.A.,,N.A.,N.A.,,N.A.
68,1900,31866,27056,IAS,Shri Priti Shukla ,,TR,Male,O.B.C.,N.A.,N.A.,Direct Recruitment,0,0000-00-00 00:00:00,0000-00-00 00:00:00,,,N.A.,N.A.,,,,N.A.,N.A.,0,0.0,0.0,Both,N.A.,,N.A.,N.A.,N.A.,N.A.,N.A.,,N.A.,N.A.,,N.A.
69,1900,37078,28345,IAS,Shri Purnima Chauha ,,HY,Male,O.B.C.,N.A.,N.A.,Direct Recruitment,0,0000-00-00 00:00:00,0000-00-00 00:00:00,,,N.A.,N.A.,,,,N.A.,N.A.,0,0.0,0.0,Both,N.A.,,N.A.,N.A.,N.A.,N.A.,N.A.,,N.A.,N.A.,,N.A.
70,1900,13742,25064,IAS,Ms. Purobi Sonowal ,,AP,Male,S.C.,Serving,N.A.,Direct Recruitment,0,0000-00-00 00:00:00,0000-00-00 00:00:00,,,N.A.,N.A.,,,,N.A.,N.A.,0,0.0,0.0,Both,N.A.,,N.A.,N.A.,N.A.,N.A.,N.A.,,N.A.,N.A.,,N.A.
71,1983,64,10688,IAS,Shri Purushottam Aggarwal,Uttarakhand,PB,Male,O.B.C.,Serving,N.A.,Not Available,,1954-11-07 00:00:00,1983-09-01 00:00:00,Bengali,Lepcha,LL.B.,First ,Latin,,,N.A.,N.A.,0,0.0,0.0,Both,Cadre_(Deputation_under_Rule_6(2)(ii),Junior Administrative Grade (Selection Grade),Additional Collector,N.A.,N.A.,N.A.,N.A.,,Land Revenue Mgmt & District Admn,Land Revenue Mgmt & District Admn,N.A.,N.A.
72,1900,35461,28144,IAS,Shri R. Latha ,,JH,Male,O.B.C.,N.A.,N.A.,Direct Recruitment,0,0000-00-00 00:00:00,0000-00-00 00:00:00,,,N.A.,N.A.,,,,N.A.,N.A.,0,0.0,0.0,Both,N.A.,,N.A.,N.A.,N.A.,N.A.,N.A.,,N.A.,N.A.,,N.A.
73,1934,14446,8810,IAS,Ms. Raj Bala Verma,Punjab,JK,Male,O.B.C.,Serving,N.A.,Not Available,CFCD208495D565EF66E7DFF9F98764DA,0000-00-00 00:00:00,0000-00-00 00:00:00,Hindi,Lepcha,Graduate,Ordinary ,Pharmacy,,,N.A.,N.A.,0,0.0,0.0,Both,N.A.,,N.A.,N.A.,N.A.,N.A.,N.A.,,N.A.,N.A.,,N.A.
74,1900,13870,24876,IAS,Smt. Rajesh Yadav ,,PB,Male,O.B.C.,Serving,N.A.,Direct Recruitment,0,0000-00-00 00:00:00,0000-00-00 00:00:00,,,N.A.,N.A.,,,,N.A.,N.A.,0,0.0,0.0,Both,N.A.,,N.A.,N.A.,N.A.,N.A.,N.A.,,N.A.,N.A.,,N.A.
75,1934,14424,7676,IAS,Ms. Ranjeev R Acharya,Odisha,TN,Male,O.B.C.,Serving,N.A.,Not Available,0,0000-00-00 00:00:00,0000-00-00 00:00:00,Hindi,Urdu,B.A. Honours,First ,PoliticalSc.,,,N.A.,N.A.,0,0.0,0.0,Both,N.A.,,N.A.,N.A.,N.A.,N.A.,N.A.,,N.A.,N.A.,,N.A.
76,1933,14294,7944,IAS,Ms. Rashmi Verma,Daman & Diu,AM,Male,O.B.C.,Serving,N.A.,Not Available,0,0000-00-00 00:00:00,0000-00-00 00:00:00,Hindi,Lepcha,M.Phil.,First ,PoliticalSc.,,,N.A.,N.A.,0,0.0,0.0,Both,N.A.,,N.A.,N.A.,N.A.,N.A.,N.A.,,N.A.,N.A.,Foreign assignment,N.A.
77,1935,14578,9826,IAS,Ms. Rashmi Shukla Sharma,Daman & Diu,KL,Male,O.B.C.,N.A.,N.A.,Not Available,0,0000-00-00 00:00:00,0000-00-00 00:00:00,Hindi,Lepcha,P.G.,First ,Psychology,,,N.A.,N.A.,0,0.0,0.0,Both,N.A.,,N.A.,N.A.,N.A.,N.A.,N.A.,,N.A.,N.A.,Last revereted,N.A.
78,1935,14590,11993,IAS,Ms. Reena Venkatarama,Daman & Diu,UD,Male,O.B.C.,Serving,N.A.,Not Available,0,0000-00-00 00:00:00,0000-00-00 00:00:00,Hindi,,M.Phil.,Ordinary ,Histology,,,N.A.,N.A.,0,0.0,0.0,Both,N.A.,,N.A.,N.A.,N.A.,N.A.,N.A.,,N.A.,N.A.,,N.A.
79,1900,37423,28520,IAS,Shri Renu Tiwari ,,TR,Male,N.A.,N.A.,N.A.,Direct Recruitment,0,0000-00-00 00:00:00,0000-00-00 00:00:00,,,N.A.,N.A.,,,,N.A.,N.A.,0,0.0,0.0,Both,N.A.,,N.A.,N.A.,N.A.,N.A.,N.A.,,N.A.,N.A.,,N.A.
80,1935,14583,11748,IAS,Ms. Rina Ray,Assam Meghalya,XX,Male,O.B.C.,N.A.,N.A.,Not Available,8233D522AD1A4F5140FD05222B210228,0000-00-00 00:00:00,0000-00-00 00:00:00,Hindi,Lepcha,Graduate,First ,PoliticalSc.,Histology,Engineeriing,N.A.,N.A.,0,0.0,0.0,Both,N.A.,,N.A.,N.A.,N.A.,N.A.,N.A.,,N.A.,N.A.,Last revereted,N.A.
81,1900,33056,27898,IAS,Shri Rinchin Tashi ,,XX,Male,O.B.C.,N.A.,N.A.,Direct Recruitment,0,0000-00-00 00:00:00,0000-00-00 00:00:00,,,N.A.,N.A.,,,,N.A.,N.A.,0,0.0,0.0,Both,N.A.,,N.A.,N.A.,N.A.,N.A.,N.A.,,N.A.,N.A.,,N.A.
82,1932,14274,8290,IAS,Ms. Rita Teaotia,Tripura,CG,Male,O.B.C.,Serving,N.A.,Not Available,0,0000-00-00 00:00:00,0000-00-00 00:00:00,Hindi,Lepcha,P.G.,Ordinary ,Histology,,,N.A.,N.A.,0,0.0,0.0,Both,N.A.,,N.A.,N.A.,N.A.,N.A.,N.A.,,N.A.,N.A.,Terms,N.A.
83,1900,37381,28454,IAS,Shri Ritu ,,GJ,Male,O.B.C.,N.A.,N.A.,Direct Recruitment,0,0000-00-00 00:00:00,0000-00-00 00:00:00,,,N.A.,N.A.,,,,N.A.,N.A.,0,0.0,0.0,Both,N.A.,,N.A.,N.A.,N.A.,N.A.,N.A.,,N.A.,N.A.,,N.A.
84,1983,70,2811,IAS,Shri RM Kothari ,Punjab,PB,Male,O.B.C.,Serving,N.A.,Direct Recruitment,,1937-10-26 00:00:00,1992-05-15 00:00:00,Hindi,Lepcha,N.A.,N.A.,,,,N.A.,N.A.,0,0.0,0.0,Both,Cadre_(Deputation_under_Rule_6(2)(ii),Director General Police,N.A.,N.A.,N.A.,N.A.,N.A.,,N.Applicable/N.Available,N.Applicable/N.Available,N.A.,N.A.
85,1954,10125,4108,IAS,Ms. ROMA MAZUMDAR ,Uttarakhand,DD,Male,O.B.C.,Deemed Resigned,N.A.,Direct Recruitment,,0000-00-00 00:00:00,0000-00-00 00:00:00,Bengali,Lepcha,Graduate,Second ,Engineeriing,Philosophy,,N.A.,N.A.,0,0.0,0.0,Both,N.A.,,N.A.,N.A.,N.A.,N.A.,N.A.,,N.A.,N.A.,,N.A.
86,1900,13726,26266,IAS,Ms. Roshan Ara Begum ,,AP,Male,O.B.C.,N.A.,N.A.,Direct Recruitment,0,0000-00-00 00:00:00,0000-00-00 00:00:00,,,N.A.,N.A.,,,,N.A.,N.A.,0,0.0,0.0,Both,N.A.,,N.A.,N.A.,N.A.,N.A.,N.A.,,N.A.,N.A.,,N.A.
87,1983,72,2813,IAS,Shri Rs Rajoria,Punjab,PB,Male,O.B.C.,Serving,N.A.,Direct Recruitment,,1938-11-01 00:00:00,1992-05-13 00:00:00,Hindi,Lepcha,N.A.,N.A.,,,,N.A.,N.A.,0,0.0,0.0,Both,Cadre_(Deputation_under_Rule_6(2)(ii),Cabinet Secretary,Settlement Commissioner,N.A.,N.A.,N.A.,N.A.,,Land Revenue Mgmt & District Admn,Land Revenue Mgmt & District Admn,N.A.,N.A.
88,1900,26414,27312,IAS,Shri Ruby Borah ,,AP,Male,O.B.C.,N.A.,N.A.,Direct Recruitment,0,0000-00-00 00:00:00,0000-00-00 00:00:00,,,N.A.,N.A.,,,,N.A.,N.A.,0,0.0,0.0,Both,N.A.,,N.A.,N.A.,N.A.,N.A.,N.A.,,N.A.,N.A.,,N.A.
89,1900,37334,28427,IAS,Shri S Sangeetha Satyanarayana ,,TN,Male,O.B.C.,N.A.,N.A.,Direct Recruitment,0,0000-00-00 00:00:00,0000-00-00 00:00:00,,,N.A.,N.A.,,,,N.A.,N.A.,0,0.0,0.0,Both,N.A.,,N.A.,N.A.,N.A.,N.A.,N.A.,,N.A.,N.A.,,N.A.
90,1900,13718,26271,IAS,Ms. Sadhana Hojai ,,AP,Male,S.C.,Serving,N.A.,Direct Recruitment,0,0000-00-00 00:00:00,0000-00-00 00:00:00,,,N.A.,N.A.,,,,N.A.,N.A.,0,0.0,0.0,Both,N.A.,,N.A.,N.A.,N.A.,N.A.,N.A.,,N.A.,N.A.,,N.A.
91,1900,26808,27120,IAS,Shri Sangeeta Singh ,,TR,Male,O.B.C.,N.A.,N.A.,Direct Recruitment,0,0000-00-00 00:00:00,0000-00-00 00:00:00,,,N.A.,N.A.,,,,N.A.,N.A.,0,0.0,0.0,Both,N.A.,,N.A.,N.A.,N.A.,N.A.,N.A.,,N.A.,N.A.,,N.A.
92,1900,33069,27903,IAS,Shri Sarala Rai ,,RJ,Male,O.B.C.,N.A.,N.A.,Direct Recruitment,0,0000-00-00 00:00:00,0000-00-00 00:00:00,,,N.A.,N.A.,,,,N.A.,N.A.,0,0.0,0.0,Both,N.A.,,N.A.,N.A.,N.A.,N.A.,N.A.,,N.A.,N.A.,,N.A.
93,1900,37093,28307,IAS,Shri Sarmistha ,,UD,Male,O.B.C.,N.A.,N.A.,Direct Recruitment,0,0000-00-00 00:00:00,0000-00-00 00:00:00,,,N.A.,N.A.,,,,N.A.,N.A.,0,0.0,0.0,Both,N.A.,,N.A.,N.A.,N.A.,N.A.,N.A.,,N.A.,N.A.,,N.A.
94,1934,14442,10695,IAS,Ms. Seema Bahuguna,Tripura,PB,Male,O.B.C.,N.A.,N.A.,Not Available,0,0000-00-00 00:00:00,0000-00-00 00:00:00,Bengali,Lepcha,P.G.,First ,Histology,,,N.A.,N.A.,0,0.0,0.0,Both,N.A.,,N.A.,N.A.,N.A.,N.A.,N.A.,,N.A.,N.A.,Last revereted,N.A.
95,1935,14589,11755,IAS,Ms. Shakuntala Gamli,Arunachal Pradesh,XX,Male,S.C.,N.A.,N.A.,Not Available,0,0000-00-00 00:00:00,0000-00-00 00:00:00,Assamese,,P.G.,Second ,Sociology,,,N.A.,N.A.,0,0.0,0.0,Both,N.A.,,N.A.,N.A.,N.A.,N.A.,N.A.,,N.A.,N.A.,Foreign assignment,N.A.
96,1900,31852,27242,IAS,Shri Sharada Singh ,,TR,Male,O.B.C.,N.A.,N.A.,Direct Recruitment,0,0000-00-00 00:00:00,0000-00-00 00:00:00,,,N.A.,N.A.,,,,N.A.,N.A.,0,0.0,0.0,Both,N.A.,,N.A.,N.A.,N.A.,N.A.,N.A.,,N.A.,N.A.,,N.A.
97,1933,14316,8806,IAS,Ms. Sheela Kishku Rapaj,Assam Meghalya,JK,Male,S.C.,Serving,N.A.,Not Available,0,0000-00-00 00:00:00,0000-00-00 00:00:00,Bengali,Lepcha,P.G.,First ,EconomicDev.,,,N.A.,N.A.,0,0.0,0.0,Both,N.A.,,N.A.,N.A.,N.A.,N.A.,N.A.,,N.A.,N.A.,,N.A.
98,1900,13962,24725,IAS,Ms. Shradhha Mishra ,,TR,Male,O.B.C.,Serving,N.A.,Direct Recruitment,0,0000-00-00 00:00:00,0000-00-00 00:00:00,,,N.A.,N.A.,,,,N.A.,N.A.,0,0.0,0.0,Both,N.A.,,N.A.,N.A.,N.A.,N.A.,N.A.,,N.A.,N.A.,,N.A.
99,1900,37335,28428,IAS,Shri SK. Yasmeen Basha ,,TN,Male,O.B.C.,N.A.,N.A.,Direct Recruitment,0,0000-00-00 00:00:00,0000-00-00 00:00:00,,,N.A.,N.A.,,,,N.A.,N.A.,0,0.0,0.0,Both,N.A.,,N.A.,N.A.,N.A.,N.A.,N.A.,,N.A.,N.A.,,N.A.
100,1900,13915,25354,IAS,Ms. Smt. E. Sundaravalli ,,SK,Male,O.B.C.,N.A.,N.A.,Direct Recruitment,0,0000-00-00 00:00:00,0000-00-00 00:00:00,,,N.A.,N.A.,,,,N.A.,N.A.,0,0.0,0.0,Both,N.A.,,N.A.,N.A.,N.A.,N.A.,N.A.,,N.A.,N.A.,,N.A.
101,1900,13914,25353,IAS,Ms. Smt. G. Latha ,,SK,Male,O.B.C.,N.A.,N.A.,Direct Recruitment,0,0000-00-00 00:00:00,0000-00-00 00:00:00,,,N.A.,N.A.,,,,N.A.,N.A.,0,0.0,0.0,Both,N.A.,,N.A.,N.A.,N.A.,N.A.,N.A.,,N.A.,N.A.,,N.A.
102,1900,13971,24710,IAS,Ms. Smt. Neelam Ahalavat ,,TR,Male,O.B.C.,Serving,N.A.,Direct Recruitment,0,0000-00-00 00:00:00,0000-00-00 00:00:00,,,N.A.,N.A.,,,,N.A.,N.A.,0,0.0,0.0,Both,N.A.,,N.A.,N.A.,N.A.,N.A.,N.A.,,N.A.,N.A.,,N.A.
103,1900,31821,27209,IAS,Shri Smt. Neelam Ahalavat ,,TR,Male,O.B.C.,N.A.,N.A.,Direct Recruitment,0,0000-00-00 00:00:00,0000-00-00 00:00:00,,,N.A.,N.A.,,,,N.A.,N.A.,0,0.0,0.0,Both,N.A.,,N.A.,N.A.,N.A.,N.A.,N.A.,,N.A.,N.A.,,N.A.
104,1900,13979,24783,IAS,Ms. Smt. Pushpa Singh ,,TR,Male,O.B.C.,Serving,N.A.,Direct Recruitment,0,0000-00-00 00:00:00,0000-00-00 00:00:00,,,N.A.,N.A.,,,,N.A.,N.A.,0,0.0,0.0,Both,N.A.,,N.A.,N.A.,N.A.,N.A.,N.A.,,N.A.,N.A.,,N.A.
105,1900,31831,27250,IAS,Shri Smt. Pushpa Singh ,,TR,Male,O.B.C.,N.A.,N.A.,Direct Recruitment,0,0000-00-00 00:00:00,0000-00-00 00:00:00,,,N.A.,N.A.,,,,N.A.,N.A.,0,0.0,0.0,Both,N.A.,,N.A.,N.A.,N.A.,N.A.,N.A.,,N.A.,N.A.,,N.A.
106,1933,14367,9814,IAS,Ms. Snehlata Shrivastava,Kerala,KL,Male,O.B.C.,Serving,N.A.,Not Available,0,0000-00-00 00:00:00,0000-00-00 00:00:00,Hindi,Lepcha,Graduate,First ,Psychology,Geodesy,Engineeriing,N.A.,N.A.,0,0.0,0.0,Both,N.A.,,N.A.,N.A.,N.A.,N.A.,N.A.,,N.A.,N.A.,Foreign assignment,N.A.
107,1900,27109,27449,IAS,Shri Snehlata Panwar ,,PB,Male,O.B.C.,Serving,N.A.,Direct Recruitment,0,0000-00-00 00:00:00,0000-00-00 00:00:00,,,N.A.,N.A.,,,,N.A.,N.A.,0,0.0,0.0,Both,N.A.,,N.A.,N.A.,N.A.,N.A.,N.A.,,N.A.,N.A.,,N.A.
108,1983,71,2812,IAS,Shri Sri Ram Dixit,Punjab,PB,Male,O.B.C.,Serving,N.A.,Direct Recruitment,,1937-11-06 00:00:00,1992-05-13 00:00:00,Hindi,Lepcha,N.A.,N.A.,,,,N.A.,N.A.,0,0.0,0.0,Both,Cadre_(Deputation_under_Rule_6(2)(ii),Cabinet Secretary,Managing Director,N.A.,N.A.,N.A.,Jaipur,,Industries,Industries,N.A.,N.A.
109,1900,36703,28268,IAS,Shri Suchitra Sinha ,,JK,Male,O.B.C.,N.A.,N.A.,Direct Recruitment,0,0000-00-00 00:00:00,0000-00-00 00:00:00,,,N.A.,N.A.,,,,N.A.,N.A.,0,0.0,0.0,Both,N.A.,,N.A.,N.A.,N.A.,N.A.,N.A.,,N.A.,N.A.,,N.A.
110,1900,33065,27879,IAS,Shri Sudha Verma ,,TR,Male,N.A.,N.A.,N.A.,Direct Recruitment,0,0000-00-00 00:00:00,0000-00-00 00:00:00,,,N.A.,N.A.,,,,N.A.,N.A.,0,0.0,0.0,Both,N.A.,,N.A.,N.A.,N.A.,N.A.,N.A.,,N.A.,N.A.,,N.A.
111,1900,14057,26205,IAS,Ms. Sudipta Chatterjee ,,UD,Male,O.B.C.,N.A.,N.A.,Direct Recruitment,0,0000-00-00 00:00:00,0000-00-00 00:00:00,,,N.A.,N.A.,,,,N.A.,N.A.,0,0.0,0.0,Both,N.A.,,N.A.,N.A.,N.A.,N.A.,N.A.,,N.A.,N.A.,,N.A.
112,1929,14140,10461,IAS,Ms. Sujata Dass,Odisha,OD,Male,N.A.,Serving,N.A.,Not Available,0,0000-00-00 00:00:00,0000-00-00 00:00:00,Hindi,Urdu,B.A. Honours,Second ,PoliticalSc.,,,N.A.,N.A.,0,0.0,0.0,Both,N.A.,,N.A.,N.A.,N.A.,N.A.,N.A.,,N.A.,N.A.,,N.A.
113,1930,13702,2749,IAS,Ms. Sukhdeep Brar,Odisha,PB,Male,O.B.C.,Termination of Service/Contract,N.A.,Not Available,0,0000-00-00 00:00:00,0000-00-00 00:00:00,Hindi,Urdu,Graduate,Second ,Engineeriing,Histology,PoliticalSc.,N.A.,N.A.,0,0.0,0.0,Both,N.A.,,N.A.,N.A.,N.A.,N.A.,N.A.,,N.A.,N.A.,,N.A.
114,1933,14368,9817,IAS,Ms. Suranjana Ray,Tripura,KL,Male,O.B.C.,Serving,N.A.,Not Available,0,0000-00-00 00:00:00,0000-00-00 00:00:00,Hindi,Bengali,P.G.,First ,EconomicDev.,,,N.A.,N.A.,0,0.0,0.0,Both,N.A.,,N.A.,N.A.,N.A.,N.A.,N.A.,,N.A.,N.A.,,N.A.
115,1933,14305,7413,IAS,Ms. T Y Das,Uttarakhand,AP,Male,S.C.,Serving,N.A.,Not Available,0,0000-00-00 00:00:00,0000-00-00 00:00:00,Hindi,,B.A. Honours,Second ,Engineeriing,,,N.A.,N.A.,0,0.0,0.0,Both,N.A.,,N.A.,N.A.,N.A.,N.A.,N.A.,,N.A.,N.A.,Foreign assignment,N.A.
116,1983,66,10693,IAS,Shri Tapesh Pawar,Punjab,PB,Male,N.A.,Serving,N.A.,Not Available,,1954-08-20 00:00:00,1983-09-01 00:00:00,,,Graduate,Ordinary ,Physics,ChemicalEngg,MathematicalStats,N.A.,N.A.,0,0.0,0.0,Both,Cadre_(Deputation_under_Rule_6(2)(ii),,Additional Chief Secy,Forests&EnvDeptt,N.A.,N.A.,Rajastha,,Environment & Forests,Environment & Forests,N.A.,N.A.
117,1983,67,2809,IAS,Shri Tola Ram,Punjab,PB,Male,N.A.,Superannuated,N.A.,Not Available,,1954-08-20 00:00:00,1983-07-01 00:00:00,Hindi,Lepcha,Graduate,Third,Physics,ChemicalEngg,MathematicalStats,N.A.,N.A.,0,0.0,0.0,Both,Cadre_(Deputation_under_Rule_6(2)(ii),Director General Police,S D O,N.A.,N.A.,N.A.,N.A.,,Land Revenue Mgmt & District Admn,Land Revenue Mgmt & District Admn,N.A.,N.A.
118,1900,26845,27036,IAS,Shri Ujjaini Datta ,,UD,Male,O.B.C.,N.A.,N.A.,By Selection,0,0000-00-00 00:00:00,0000-00-00 00:00:00,,,N.A.,N.A.,,,,N.A.,N.A.,0,0.0,0.0,Both,N.A.,,N.A.,N.A.,N.A.,N.A.,N.A.,,N.A.,N.A.,,N.A.
119,1900,26673,27204,IAS,Shri Urmila Rajoriya ,,PB,Male,N.A.,N.A.,N.A.,Direct Recruitment,0,0000-00-00 00:00:00,0000-00-00 00:00:00,,,N.A.,N.A.,,,,N.A.,N.A.,0,0.0,0.0,Both,N.A.,,N.A.,N.A.,N.A.,N.A.,N.A.,,N.A.,N.A.,,N.A.
120,1935,14576,9824,IAS,Ms. Vijaya Shrivastava,Tripura,KL,Male,O.B.C.,Serving,N.A.,Not Available,0,0000-00-00 00:00:00,0000-00-00 00:00:00,Bengali,Lepcha,P.G.,First ,Histology,,,N.A.,N.A.,0,0.0,0.0,Both,N.A.,,N.A.,N.A.,N.A.,N.A.,N.A.,,N.A.,N.A.,Foreign assignment,N.A.
121,1900,27094,27684,IAS,Shri Yeshi Wangmo Ringu ,,XX,Male,O.B.C.,N.A.,N.A.,Direct Recruitment,0,0000-00-00 00:00:00,0000-00-00 00:00:00,,,N.A.,N.A.,,,,N.A.,N.A.,0,0.0,0.0,Both,N.A.,,N.A.,N.A.,N.A.,N.A.,N.A.,,N.A.,N.A.,,N.A.
